user_id,created_at,country
1,2023-11-24,US
2,2023-02-27,UK
3,2023-01-13,US
4,2023-05-21,CA
5,2023-05-06,IN
6,2023-04-25,CA
7,2023-03-13,US
8,2023-02-22,UK
9,2023-12-13,DE
10,2023-10-07,CA
11,2023-02-14,UK
12,2023-10-30,IN
13,2023-08-05,IN
14,2023-01-17,IN
15,2023-01-16,UK
16,2023-02-17,CA
17,2023-04-22,UK
18,2023-04-30,UK
19,2023-09-16,DE
20,2023-11-05,DE
21,2023-01-14,CA
22,2023-10-15,DE
23,2023-04-12,IN
24,2023-11-29,DE
25,2023-12-26,IN
26,2023-10-07,CA
27,2023-08-03,UK
28,2023-04-23,UK
29,2023-08-18,DE
30,2023-10-29,IN
31,2023-05-23,US
32,2023-01-04,US
33,2023-03-23,US
34,2023-12-24,UK
35,2023-08-05,UK
36,2023-06-24,IN
37,2023-05-23,DE
38,2023-03-21,US
39,2023-04-21,IN
40,2023-06-22,IN
41,2023-02-22,DE
42,2023-02-17,IN
43,2023-07-14,DE
44,2023-02-19,CA
45,2023-07-03,DE
46,2023-06-26,US
47,2023-11-06,US
48,2023-05-16,DE
49,2023-01-23,CA
50,2023-08-24,CA
51,2023-10-02,US
52,2023-03-05,CA
53,2023-07-13,IN
54,2023-02-10,UK
55,2023-10-10,IN
56,2023-05-31,US
57,2023-11-18,CA
58,2023-11-13,DE
59,2023-07-05,UK
60,2023-10-23,DE
61,2023-04-09,US
62,2023-12-27,CA
63,2023-02-05,DE
64,2023-01-24,DE
65,2023-12-05,UK
66,2023-04-27,UK
67,2023-05-29,CA
68,2023-02-10,UK
69,2023-04-30,DE
70,2023-02-21,DE
71,2023-07-14,US
72,2023-05-23,DE
73,2023-08-21,CA
74,2023-11-22,IN
75,2023-07-06,US
76,2023-03-25,US
77,2023-07-09,CA
78,2023-07-01,CA
79,2023-04-18,UK
80,2023-12-10,US
81,2023-05-17,UK
82,2023-12-26,DE
83,2023-12-16,US
84,2023-11-28,US
85,2023-02-06,IN
86,2023-11-08,US
87,2023-11-22,DE
88,2023-03-29,UK
89,2023-10-01,UK
90,2023-05-06,IN
91,2023-03-25,DE
92,2023-08-25,UK
93,2023-07-14,CA
94,2023-05-19,DE
95,2023-11-24,DE
96,2023-12-19,IN
97,2023-10-13,UK
98,2023-04-23,DE
99,2023-12-17,UK
100,2023-06-16,CA
